Timestamp,Full Name,Enrollment ID,Email Address,WhatsApp Contact Number,Program ,Confirmation
9/26/2026 11:39:39,Jay vandara,BTMTCSE26002,jay001vandara@gmail.com,9448803276,B.Tech-M.Tech CSE (Cyber Security) Sem 1,I confirm that the details provided above are accurate and I will attend Incognito 5.0.
9/26/2026 10:36:08,Harish,BTMTCSE26008,billionaireharish2008@gmail.com,7717384603,B.Tech-M.Tech CSE (Cyber Security) Sem 1,I confirm that the details provided above are accurate and I will attend Incognito 5.0.
9/26/2026 9:48:16,Jwalan Mantri ,BTMTCSE26031,jwalanmantri2@gmail.com,9699838854,B.Tech-M.Tech CSE (Cyber Security) Sem 1,I confirm that the details provided above are accurate and I will attend Incognito 5.0.
9/26/2026 9:10:32,Jimit dagli,260103001023,daglijimit566@gmail.com,8160142221,M.Tech Cyber Security,I confirm that the details provided above are accurate and I will attend Incognito 5.0.
9/26/2026 9:04:44,Anai Jhaveri ,260103001008,anai.mtcs26@gj.nfsu.edu.in,9879113581,M.Tech Cyber Security,I confirm that the details provided above are accurate and I will attend Incognito 5.0.
9/26/2026 8:58:28,Abhimanyu Singh,260103001002,abhi13khalsa@gmail.com,9758270000,M.Tech Cyber Security,I confirm that the details provided above are accurate and I will attend Incognito 5.0.
9/26/2026 8:52:23,VISHV VANJARA ,BTMTCSE26015,vanjaravishv@gmail.com,9274885780,B.Tech-M.Tech CSE (Cyber Security),I confirm that the details provided above are accurate and I will attend Incognito 5.0.
9/26/2026 8:50:34,Siddhant Trivedi ,BTMTCSE26005,siddhanttrivedi2007@gmail.com,9377337744,B.Tech-M.Tech CSE (Cyber Security),I confirm that the details provided above are accurate and I will attend Incognito 5.0.
9/26/2026 8:30:43,Madhav Sharma,260103003004,madhavsharma4002@gmail.com,9289272306,M.Sc. Digital Forensics & Information Security,I confirm that the details provided above are accurate and I will attend Incognito 5.0.
9/26/2026 8:29:17,Rushil Gajjar,BTMTCSE26019,rushilgajjar26@gmail.com,9274831026,B.Tech-M.Tech CSE (Cyber Security),I confirm that the details provided above are accurate and I will attend Incognito 5.0.
9/26/2026 8:07:47,Atharv Paliwal ,BTMTCSE26003,paliwal.atharv08@gmail.com,7016028480,B.Tech-M.Tech CSE (Cyber Security),I confirm that the details provided above are accurate and I will attend Incognito 5.0.
9/26/2026 7:53:31,Priyesh Raj,260103007014,priyeshr067@gmail.com,6206188030,M.Tech AI & DS,I confirm that the details provided above are accurate and I will attend Incognito 5.0.
9/26/2026 7:51:00,Thrupthi G,260103001038,thrupthi.mtcs26@gj.nfsu.edu.in,9980394095,M.Tech Cyber Security,I confirm that the details provided above are accurate and I will attend Incognito 5.0.
9/26/2026 7:25:32,Indudip Biswas,BTMTCSE26028,indudipbiswas80@gmail.com,6291796410,B.Tech-M.Tech CSE (Cyber Security),I confirm that the details provided above are accurate and I will attend Incognito 5.0.
9/26/2026 7:22:25,Aakash Kishanbhai Prajapati,260103007003,aakash.20042001@gmail.com,8401364728,M.Tech AI & DS,I confirm that the details provided above are accurate and I will attend Incognito 5.0.
9/26/2026 6:55:54,Banker Bhargav ,260103002043,bankerbhargav1011@gmail.com,9725080986,MSc Cyber Security,I confirm that the details provided above are accurate and I will attend Incognito 5.0.
9/26/2026 6:52:03,Amritansh Yadav ,BTMTCSE26020 ,amritansh9450@gmail.com,9454865212,B.Tech-M.Tech CSE (Cyber Security),I confirm that the details provided above are accurate and I will attend Incognito 5.0.
9/26/2026 5:43:36,Abhay Banjara ,BTMTCSE26016,abhaybanjara925@gmail.com,9302548453,B.Tech-M.Tech CSE (Cyber Security),I confirm that the details provided above are accurate and I will attend Incognito 5.0.
9/26/2026 2:26:15,Rahul,BTMTCSE26024,r9785856@gmail.com,8000631538,B.Tech-M.Tech CSE (Cyber Security),I confirm that the details provided above are accurate and I will attend Incognito 5.0.
9/26/2026 2:03:49,Aakriti Ghimire,260103007013,aakriti98570@gmail.com,9620423838,M.Tech AI & DS,I confirm that the details provided above are accurate and I will attend Incognito 5.0.
9/26/2026 1:55:59,ADITYA KUMAR ,BTMTCSE26010,aditya.224.kr@gmail.com,7667676565,B.Tech-M.Tech CSE (Cyber Security),I confirm that the details provided above are accurate and I will attend Incognito 5.0.
9/26/2026 1:50:37,Adiiti Nambiar,BTMTCSE26044,reachadiiti@gmail.com,9773125164,B.Tech-M.Tech CSE (Cyber Security),I confirm that the details provided above are accurate and I will attend Incognito 5.0.
9/26/2026 1:27:11,Rahul Samonta Orko,BTMTCSE26048,orko23edu@gmail.com,7490920207,B.Tech-M.Tech CSE (Cyber Security),I confirm that the details provided above are accurate and I will attend Incognito 5.0.
9/26/2026 1:17:44,Harsh Birwal,BTMTCSE26004,harshberwal2007@gmail.com,9518048967,B.Tech-M.Tech CSE (Cyber Security),I confirm that the details provided above are accurate and I will attend Incognito 5.0.
9/26/2026 1:11:33,Meet Katarmal,260103001004,katarmalmeet851@gmail.com,9137674983,M.Tech Cyber Security,I confirm that the details provided above are accurate and I will attend Incognito 5.0.
9/26/2026 1:08:13,Meet Prajapati ,260103001037,meetmokani9898@gmail.com,8200987043,M.Tech Cyber Security,I confirm that the details provided above are accurate and I will attend Incognito 5.0.
9/26/2026 1:07:11,Rency Vasava ,BTMTCSE26033,vasavarency2008@gmail.com,8866303933,B.Tech-M.Tech CSE (Cyber Security),I confirm that the details provided above are accurate and I will attend Incognito 5.0.
9/26/2026 1:06:51,Goklani Tirth Ramniklal ,260103003012,tirth1.msdfis26@gj.nfsu.edu.in,9276509600,M.Sc. Digital Forensics & Information Security,I confirm that the details provided above are accurate and I will attend Incognito 5.0.
9/26/2026 11:56:46,Urva Ashokbhai Gajera,260103001031,urvagajera64942@gmail.com,9369399699,M.Tech Cyber Security Sem 1,I confirm that the details provided above are accurate and I will attend Incognito 5.0.
9/26/2026 12:02:50,Harsh Panchal ,260103007006,panchal.harsh2022@gmail.com,9825110145,M.Tech AI & DS Sem 1,I confirm that the details provided above are accurate and I will attend Incognito 5.0.
9/26/2026 12:03:17,Anshul Bhushan Tambat ,BTMTCSE26022,anshultambat@gmail.com,7058610824,B.Tech-M.Tech CSE (Cyber Security) Sem 1,I confirm that the details provided above are accurate and I will attend Incognito 5.0.